{"_timestamp":1.7413387814198968e+09,"Success Rate":0,"_runtime":289.72956381,"_step":1000,"_wandb":{"runtime":289},"Epoch":1000,"Average Epoch Loss":0.00031676284220338857}