{"_wandb":{"runtime":221},"_step":999,"Epoch":1000,"Average Epoch Loss":0.1831950085858504,"_timestamp":1.741258714323491e+09,"_runtime":221.424838684}