{"_timestamp":1.741257950071105e+09,"_runtime":237.671599511,"_step":999,"Epoch":1000,"Average Epoch Loss":0.20179264371593794,"_wandb":{"runtime":238}}