{"_runtime":1.069512504,"_step":0,"_wandb":{"runtime":1},"Epoch":1,"Average Epoch Loss":0.531293141345183,"_timestamp":1.7412588041015568e+09}