{"_timestamp":1.7412583645598185e+09,"_runtime":276.284591832,"_step":999,"_wandb":{"runtime":276},"Epoch":1000,"Average Epoch Loss":0.23239970632961818}