{"Success Rate":0.1,"_runtime":308.268915354,"_wandb":{"runtime":308},"_step":1000,"Epoch":1000,"Average Epoch Loss":0.00024003016567673643,"_timestamp":1.7413398796192474e+09}