{"_timestamp":1.741205623135217e+09,"_runtime":48.843812,"_wandb":{"runtime":49},"_step":999,"Epoch":1000,"Average Epoch Loss":0.1775331273674965}