{"_timestamp":1.7413946723682704e+09,"_runtime":223.398294707,"_step":1000,"_wandb":{"runtime":223},"Epoch":1000,"Average Epoch Loss":0.21514204268654188}