{"_step":999,"Epoch":1000,"Average Epoch Loss":0.23812229186296463,"_wandb":{"runtime":47},"_timestamp":1.741205792812989e+09,"_runtime":46.567526}