{"Epoch":1000,"Average Epoch Loss":0.0004991116061968828,"_timestamp":1.7413375885864823e+09,"Success Rate":0.5,"_runtime":331.940443372,"_wandb":{"runtime":331},"_step":1000}