{"_wandb":{"runtime":33},"Epoch":100,"Average Epoch Loss":0.0010187057801626256,"_timestamp":1.7413372262534776e+09,"Success Rate":0.1,"_runtime":33.50775556,"_step":100}