{"_timestamp":1.741206247282929e+09,"_runtime":424.725518,"_step":999,"Epoch":1000,"Average Epoch Loss":0.20715264479319254,"_wandb":{"runtime":424}}