{"_step":155,"_wandb":{"runtime":45},"Epoch":155,"Average Epoch Loss":0.00020312078465524661,"_timestamp":1.7413409207745292e+09,"_runtime":45.553904148}