{"Epoch":1000,"Average Epoch Loss":0.19573786482214928,"_timestamp":1.7413952533646498e+09,"_runtime":218.61505492,"_step":1000,"_wandb":{"runtime":218}}