{"_runtime":283.259983665,"_step":1000,"Epoch":1000,"Success Rate":0.3,"_wandb":{"runtime":283},"Average Epoch Loss":0.00043786931321067513,"_timestamp":1.741336713530915e+09}