{"Success Rate":0,"_runtime":335.254573711,"_wandb":{"runtime":335},"_step":1000,"Epoch":1000,"Average Epoch Loss":0.00037371395579352144,"_timestamp":1.7413387943295724e+09}