{"_step":500,"Epoch":500,"Average Epoch Loss":0.0007278198053037548,"_timestamp":1.741338435353941e+09,"_wandb":{"runtime":167},"Success Rate":0.2,"_runtime":167.937737341}