{"_runtime":275.216259593,"_step":1000,"Epoch":1000,"Average Epoch Loss":0.0003421601494058753,"_timestamp":1.7413391982831614e+09,"_wandb":{"runtime":275},"Success Rate":0}