{"_wandb":{"runtime":173},"Success Rate":0,"_runtime":173.779190033,"_step":500,"Epoch":500,"Average Epoch Loss":0.00019051689326131185,"_timestamp":1.741337851198643e+09}